<?xml version="1.0" encoding="UTF-8"?>
<GenRun Id="synth_1" LaunchPart="xcku035-fbva900-2-e" LaunchTime="1698214773">
  <File Type="VDS-TIMING-PB" Name="bft_timing_summary_synth.pb"/>
  <File Type="VDS-TIMINGSUMMARY" Name="bft_timing_summary_synth.rpt"/>
  <File Type="RDS-RDS" Name="bft.vds"/>
  <File Type="REPORTS-TCL" Name="bft_reports.tcl"/>
  <File Type="PA-TCL" Name="bft.tcl"/>
  <File Type="RDS-DCP" Name="bft.dcp"/>
  <File Type="RDS-PROPCONSTRS" Name="bft_drc_synth.rpt"/>
  <File Type="RDS-UTIL" Name="bft_utilization_synth.rpt"/>
  <File Type="RDS-UTIL-PB" Name="bft_utilization_synth.pb"/>
  <FileSet Name="sources" Type="DesignSrcs" RelSrcDir="$PSRCDIR/sources_1" RelGenDir="$PGENDIR/sources_1">
    <Filter Type="Srcs"/>
    <File Path="$PSRCDIR/sources_1/imports/Sources/FifoBuffer.v">
      <FileInfo>
        <Attr Name="ImportPath" Val="$PPRDIR/../../../../../../../opt/amd/Vivado/2023.2/data/xhub/ced/XilinxCEDStore/ced/Xilinx/nonIPI/bft/Sources/FifoBuffer.v"/>
        <Attr Name="ImportTime" Val="1697020113"/>
        <Attr Name="UsedIn" Val="synthesis"/>
        <Attr Name="UsedIn" Val="implementation"/>
        <Attr Name="UsedIn" Val="simulation"/>
      </FileInfo>
    </File>
    <File Path="$PSRCDIR/sources_1/imports/Sources/async_fifo.v">
      <FileInfo>
        <Attr Name="ImportPath" Val="$PPRDIR/../../../../../../../opt/amd/Vivado/2023.2/data/xhub/ced/XilinxCEDStore/ced/Xilinx/nonIPI/bft/Sources/async_fifo.v"/>
        <Attr Name="ImportTime" Val="1697020113"/>
        <Attr Name="UsedIn" Val="synthesis"/>
        <Attr Name="UsedIn" Val="implementation"/>
        <Attr Name="UsedIn" Val="simulation"/>
      </FileInfo>
    </File>
    <File Path="$PSRCDIR/sources_1/imports/Sources/bftLib/bft_package.vhdl">
      <FileInfo>
        <Attr Name="Library" Val="bftLib"/>
        <Attr Name="ImportPath" Val="$PPRDIR/../../../../../../../opt/amd/Vivado/2023.2/data/xhub/ced/XilinxCEDStore/ced/Xilinx/nonIPI/bft/Sources/bftLib/bft_package.vhdl"/>
        <Attr Name="ImportTime" Val="1697020113"/>
        <Attr Name="UsedIn" Val="synthesis"/>
        <Attr Name="UsedIn" Val="simulation"/>
      </FileInfo>
    </File>
    <File Path="$PSRCDIR/sources_1/imports/Sources/bftLib/core_transform.vhdl">
      <FileInfo>
        <Attr Name="Library" Val="bftLib"/>
        <Attr Name="ImportPath" Val="$PPRDIR/../../../../../../../opt/amd/Vivado/2023.2/data/xhub/ced/XilinxCEDStore/ced/Xilinx/nonIPI/bft/Sources/bftLib/core_transform.vhdl"/>
        <Attr Name="ImportTime" Val="1697020113"/>
        <Attr Name="UsedIn" Val="synthesis"/>
        <Attr Name="UsedIn" Val="simulation"/>
      </FileInfo>
    </File>
    <File Path="$PSRCDIR/sources_1/imports/Sources/bftLib/round_1.vhdl">
      <FileInfo>
        <Attr Name="Library" Val="bftLib"/>
        <Attr Name="ImportPath" Val="$PPRDIR/../../../../../../../opt/amd/Vivado/2023.2/data/xhub/ced/XilinxCEDStore/ced/Xilinx/nonIPI/bft/Sources/bftLib/round_1.vhdl"/>
        <Attr Name="ImportTime" Val="1697020113"/>
        <Attr Name="UsedIn" Val="synthesis"/>
        <Attr Name="UsedIn" Val="simulation"/>
      </FileInfo>
    </File>
    <File Path="$PSRCDIR/sources_1/imports/Sources/bftLib/round_2.vhdl">
      <FileInfo>
        <Attr Name="Library" Val="bftLib"/>
        <Attr Name="ImportPath" Val="$PPRDIR/../../../../../../../opt/amd/Vivado/2023.2/data/xhub/ced/XilinxCEDStore/ced/Xilinx/nonIPI/bft/Sources/bftLib/round_2.vhdl"/>
        <Attr Name="ImportTime" Val="1697020113"/>
        <Attr Name="UsedIn" Val="synthesis"/>
        <Attr Name="UsedIn" Val="simulation"/>
      </FileInfo>
    </File>
    <File Path="$PSRCDIR/sources_1/imports/Sources/bftLib/round_3.vhdl">
      <FileInfo>
        <Attr Name="Library" Val="bftLib"/>
        <Attr Name="ImportPath" Val="$PPRDIR/../../../../../../../opt/amd/Vivado/2023.2/data/xhub/ced/XilinxCEDStore/ced/Xilinx/nonIPI/bft/Sources/bftLib/round_3.vhdl"/>
        <Attr Name="ImportTime" Val="1697020113"/>
        <Attr Name="UsedIn" Val="synthesis"/>
        <Attr Name="UsedIn" Val="simulation"/>
      </FileInfo>
    </File>
    <File Path="$PSRCDIR/sources_1/imports/Sources/bftLib/round_4.vhdl">
      <FileInfo>
        <Attr Name="Library" Val="bftLib"/>
        <Attr Name="ImportPath" Val="$PPRDIR/../../../../../../../opt/amd/Vivado/2023.2/data/xhub/ced/XilinxCEDStore/ced/Xilinx/nonIPI/bft/Sources/bftLib/round_4.vhdl"/>
        <Attr Name="ImportTime" Val="1697020113"/>
        <Attr Name="UsedIn" Val="synthesis"/>
        <Attr Name="UsedIn" Val="simulation"/>
      </FileInfo>
    </File>
    <File Path="$PSRCDIR/sources_1/imports/Sources/bft.vhdl">
      <FileInfo>
        <Attr Name="ImportPath" Val="$PPRDIR/../../../../../../../opt/amd/Vivado/2023.2/data/xhub/ced/XilinxCEDStore/ced/Xilinx/nonIPI/bft/Sources/bft.vhdl"/>
        <Attr Name="ImportTime" Val="1697020113"/>
        <Attr Name="UsedIn" Val="synthesis"/>
        <Attr Name="UsedIn" Val="simulation"/>
      </FileInfo>
    </File>
    <Config>
      <Option Name="DesignMode" Val="RTL"/>
      <Option Name="TopModule" Val="bft"/>
      <Option Name="TopAutoSet" Val="TRUE"/>
    </Config>
  </FileSet>
  <FileSet Name="constrs_in" Type="Constrs" RelSrcDir="$PSRCDIR/constrs_1" RelGenDir="$PGENDIR/constrs_1">
    <Filter Type="Constrs"/>
    <File Path="$PSRCDIR/constrs_1/imports/xcku035-fbva900-2-e/bft_full.xdc">
      <FileInfo>
        <Attr Name="ImportPath" Val="$PPRDIR/../../../../../../../opt/amd/Vivado/2023.2/data/xhub/ced/XilinxCEDStore/ced/Xilinx/nonIPI/bft/Sources/kintexu/xcku035-fbva900-2-e/bft_full.xdc"/>
        <Attr Name="ImportTime" Val="1697020113"/>
        <Attr Name="UsedIn" Val="synthesis"/>
        <Attr Name="UsedIn" Val="implementation"/>
      </FileInfo>
    </File>
    <Config>
      <Option Name="ConstrsType" Val="XDC"/>
    </Config>
  </FileSet>
  <FileSet Name="utils" Type="Utils" RelSrcDir="$PSRCDIR/utils_1" RelGenDir="$PGENDIR/utils_1">
    <Filter Type="Utils"/>
    <Config>
      <Option Name="TopAutoSet" Val="TRUE"/>
    </Config>
  </FileSet>
  <Strategy Version="1" Minor="2">
    <StratHandle Name="Vivado Synthesis Defaults" Flow="Vivado Synthesis 2023">
      <Desc>Vivado Synthesis Defaults</Desc>
    </StratHandle>
    <Step Id="synth_design"/>
  </Strategy>
</GenRun>
