<?xml version="1.0" encoding="UTF-8"?>
<GenRun Id="char_fifo_synth_1" LaunchPart="xcku040-ffva1156-2-e" LaunchTime="1685525488">
  <File Type="RDS-RDS" Name="char_fifo.vds"/>
  <File Type="REPORTS-TCL" Name="char_fifo_reports.tcl"/>
  <File Type="PA-TCL" Name="char_fifo.tcl"/>
  <File Type="RDS-DCP" Name="char_fifo.dcp"/>
  <File Type="RDS-UTIL" Name="char_fifo_utilization_synth.rpt"/>
  <File Type="RDS-UTIL-PB" Name="char_fifo_utilization_synth.pb"/>
  <FileSet Name="sources" Type="BlockSrcs" RelSrcDir="$PSRCDIR/char_fifo" RelGenDir="$PGENDIR/char_fifo">
    <File Path="$PSRCDIR/sources_1/ip/char_fifo/char_fifo.xci">
      <FileInfo>
        <Attr Name="ImportPath" Val="$PPRDIR/../../../../../../../media/sf_trunk/FPGA/TopicClusters/Basic_Dsgn_Analysis/char_fifo.xci"/>
        <Attr Name="ImportTime" Val="1685517299"/>
        <Attr Name="UsedIn" Val="synthesis"/>
        <Attr Name="UsedIn" Val="implementation"/>
        <Attr Name="UsedIn" Val="simulation"/>
      </FileInfo>
    </File>
    <Config>
      <Option Name="TopModule" Val="char_fifo"/>
      <Option Name="UseBlackboxStub" Val="1"/>
    </Config>
  </FileSet>
  <FileSet Name="constrs_in" Type="BlockSrcs" RelSrcDir="$PSRCDIR/char_fifo" RelGenDir="$PGENDIR/char_fifo">
    <File Path="$PSRCDIR/sources_1/ip/char_fifo/char_fifo.xci">
      <FileInfo>
        <Attr Name="ImportPath" Val="$PPRDIR/../../../../../../../media/sf_trunk/FPGA/TopicClusters/Basic_Dsgn_Analysis/char_fifo.xci"/>
        <Attr Name="ImportTime" Val="1685517299"/>
        <Attr Name="UsedIn" Val="synthesis"/>
        <Attr Name="UsedIn" Val="implementation"/>
        <Attr Name="UsedIn" Val="simulation"/>
      </FileInfo>
    </File>
    <Config>
      <Option Name="TopModule" Val="char_fifo"/>
      <Option Name="UseBlackboxStub" Val="1"/>
    </Config>
  </FileSet>
  <FileSet Name="utils" Type="Utils" RelSrcDir="$PSRCDIR/utils_1" RelGenDir="$PGENDIR/utils_1">
    <Filter Type="Utils"/>
    <Config>
      <Option Name="TopAutoSet" Val="TRUE"/>
    </Config>
  </FileSet>
  <Strategy Version="1" Minor="2">
    <StratHandle Name="Vivado Synthesis Defaults" Flow="Vivado Synthesis 2023"/>
    <Step Id="synth_design"/>
  </Strategy>
</GenRun>
