<?xml version="1.0"?>
<Runs Version="1" Minor="0">
	<Run Id="clk_core_synth_1" LaunchDir="/home/amd/training/Basic_Dsgn_Analysis/lab/KCU105/vhdl/wave_gen.runs/clk_core_synth_1" FlowId="Vivado_Synthesis" FromStepId="vivado" ToStepId="vivado"/>
	<Run Id="char_fifo_synth_1" LaunchDir="/home/amd/training/Basic_Dsgn_Analysis/lab/KCU105/vhdl/wave_gen.runs/char_fifo_synth_1" FlowId="Vivado_Synthesis" FromStepId="vivado" ToStepId="vivado"/>
	<Run Id="synth_1" LaunchDir="/home/amd/training/Basic_Dsgn_Analysis/lab/KCU105/vhdl/wave_gen.runs/synth_1" FlowId="Vivado_Synthesis" FromStepId="vivado" ToStepId="vivado">
		<Parent Id="clk_core_synth_1"/>
		<Parent Id="char_fifo_synth_1"/>
	</Run>
	<Parameters>
		<Parameter Name="runs.monitorLSFJobs" Val="true" Type="bool"/>
		<Parameter Name="runs.enableClusterConf" Val="true" Type="bool"/>
		<Parameter Name="general.ignorePathLengthChecks" Val="true" Type="bool"/>
		<Parameter Name="general.shortenLongPath" Val="true" Type="bool"/>
	</Parameters>
	<ProductInfo Name="vivado"/>
</Runs>

