<?xml version="1.0" encoding="UTF-8"?>
<GenRun Id="impl_1" LaunchPart="xczu7ev-ffvc1156-2-e" LaunchTime="1698911331">
  <File Type="POSTROUTE-PHYSOPT-RQS-RPT" Name="postroute_physopt_report_qor_suggestions_0.rpt"/>
  <File Type="ROUTE-RQS-RPT" Name="route_report_qor_suggestions_0.rpt"/>
  <File Type="POSTROUTE-PHYSOPT-RQS" Name="uart_led_postroute_physopted.rqs"/>
  <File Type="ROUTE-RQS" Name="uart_led_routed.rqs"/>
  <File Type="WBT-USG" Name="usage_statistics_webtalk.html"/>
  <File Type="RDI-RDI" Name="uart_led.vdi"/>
  <File Type="BG-DRC" Name="uart_led.drc"/>
  <File Type="BG-BGN" Name="uart_led.bgn"/>
  <File Type="BITSTR-SYSDEF" Name="uart_led.sysdef"/>
  <File Type="BITSTR-LTX" Name="debug_nets.ltx"/>
  <File Type="BITSTR-LTX" Name="uart_led.ltx"/>
  <File Type="RBD_FILE" Name="uart_led.rbd"/>
  <File Type="NPI_FILE" Name="uart_led.npi"/>
  <File Type="RNPI_FILE" Name="uart_led.rnpi"/>
  <File Type="CFI_FILE" Name="uart_led.cfi"/>
  <File Type="RCFI_FILE" Name="uart_led.rcfi"/>
  <File Type="PL-PDI-FILE" Name="uart_led_pld.pdi"/>
  <File Type="BOOT-PDI-FILE" Name="uart_led_boot.pdi"/>
  <File Type="PDI-FILE" Name="uart_led.pdi"/>
  <File Type="BITSTR-MMI" Name="uart_led.mmi"/>
  <File Type="BITSTR-BMM" Name="uart_led_bd.bmm"/>
  <File Type="BITSTR-NKY" Name="uart_led.nky"/>
  <File Type="BITSTR-RBT" Name="uart_led.rbt"/>
  <File Type="BITSTR-MSK" Name="uart_led.msk"/>
  <File Type="BG-BIN" Name="uart_led.bin"/>
  <File Type="BG-BIT" Name="uart_led.bit"/>
  <File Type="POSTROUTE-PHYSOPT-BUS-SKEW-RPX" Name="uart_led_bus_skew_postroute_physopted.rpx"/>
  <File Type="POSTROUTE-PHYSOPT-BUS-SKEW-PB" Name="uart_led_bus_skew_postroute_physopted.pb"/>
  <File Type="POSTROUTE-PHYSOPT-BUS-SKEW" Name="uart_led_bus_skew_postroute_physopted.rpt"/>
  <File Type="POSTROUTE-PHYSOPT-TIMING-RPX" Name="uart_led_timing_summary_postroute_physopted.rpx"/>
  <File Type="POSTROUTE-PHYSOPT-TIMING-PB" Name="uart_led_timing_summary_postroute_physopted.pb"/>
  <File Type="POSTROUTE-PHYSOPT-TIMING" Name="uart_led_timing_summary_postroute_physopted.rpt"/>
  <File Type="POSTROUTE-PHYSOPT-BLACKBOX-DCP" Name="uart_led_postroute_physopt_bb.dcp"/>
  <File Type="POSTROUTE-PHYSOPT-DCP" Name="uart_led_postroute_physopt.dcp"/>
  <File Type="ROUTE-RQS-PB" Name="uart_led_rqs_routed.pb"/>
  <File Type="ROUTE-BUS-SKEW-RPX" Name="uart_led_bus_skew_routed.rpx"/>
  <File Type="ROUTE-BUS-SKEW-PB" Name="uart_led_bus_skew_routed.pb"/>
  <File Type="ROUTE-BUS-SKEW" Name="uart_led_bus_skew_routed.rpt"/>
  <File Type="ROUTE-CLK" Name="uart_led_clock_utilization_routed.rpt"/>
  <File Type="ROUTE-SIMILARITY" Name="uart_led_incremental_reuse_routed.rpt"/>
  <File Type="ROUTE-TIMING-RPX" Name="uart_led_timing_summary_routed.rpx"/>
  <File Type="ROUTE-TIMING-PB" Name="uart_led_timing_summary_routed.pb"/>
  <File Type="ROUTE-TIMINGSUMMARY" Name="uart_led_timing_summary_routed.rpt"/>
  <File Type="ROUTE-STATUS-PB" Name="uart_led_route_status.pb"/>
  <File Type="ROUTE-STATUS" Name="uart_led_route_status.rpt"/>
  <File Type="ROUTE-PWR-RPX" Name="uart_led_power_routed.rpx"/>
  <File Type="ROUTE-PWR-SUM" Name="uart_led_power_summary_routed.pb"/>
  <File Type="ROUTE-PWR" Name="uart_led_power_routed.rpt"/>
  <File Type="ROUTE-METHODOLOGY-DRC-PB" Name="uart_led_methodology_drc_routed.pb"/>
  <File Type="ROUTE-METHODOLOGY-DRC-RPX" Name="uart_led_methodology_drc_routed.rpx"/>
  <File Type="ROUTE-METHODOLOGY-DRC" Name="uart_led_methodology_drc_routed.rpt"/>
  <File Type="ROUTE-DRC-RPX" Name="uart_led_drc_routed.rpx"/>
  <File Type="ROUTE-DRC-PB" Name="uart_led_drc_routed.pb"/>
  <File Type="ROUTE-DRC" Name="uart_led_drc_routed.rpt"/>
  <File Type="ROUTE-BLACKBOX-DCP" Name="uart_led_routed_bb.dcp"/>
  <File Type="ROUTE-DCP" Name="uart_led_routed.dcp"/>
  <File Type="ROUTE-ERROR-DCP" Name="uart_led_routed_error.dcp"/>
  <File Type="PHYSOPT-TIMING" Name="uart_led_timing_summary_physopted.rpt"/>
  <File Type="PHYSOPT-DRC" Name="uart_led_drc_physopted.rpt"/>
  <File Type="PHYSOPT-DCP" Name="uart_led_physopt.dcp"/>
  <File Type="POSTPLACE-PWROPT-TIMING" Name="uart_led_timing_summary_postplace_pwropted.rpt"/>
  <File Type="POSTPLACE-PWROPT-DCP" Name="uart_led_postplace_pwropt.dcp"/>
  <File Type="PLACE-RQA-PB" Name="uart_led_rqa_placed.pb"/>
  <File Type="PLACE-TIMING" Name="uart_led_timing_summary_placed.rpt"/>
  <File Type="PLACE-PRE-SIMILARITY" Name="uart_led_incremental_reuse_pre_placed.rpt"/>
  <File Type="PLACE-SIMILARITY" Name="uart_led_incremental_reuse_placed.rpt"/>
  <File Type="PLACE-CTRL" Name="uart_led_control_sets_placed.rpt"/>
  <File Type="PLACE-UTIL-PB" Name="uart_led_utilization_placed.pb"/>
  <File Type="PLACE-UTIL" Name="uart_led_utilization_placed.rpt"/>
  <File Type="PLACE-CLK" Name="uart_led_clock_utilization_placed.rpt"/>
  <File Type="PLACE-IO" Name="uart_led_io_placed.rpt"/>
  <File Type="PLACE-DCP" Name="uart_led_placed.dcp"/>
  <File Type="PWROPT-TIMING" Name="uart_led_timing_summary_pwropted.rpt"/>
  <File Type="PWROPT-DRC" Name="uart_led_drc_pwropted.rpt"/>
  <File Type="PWROPT-DCP" Name="uart_led_pwropt.dcp"/>
  <File Type="OPT-RQA-PB" Name="uart_led_rqa_opted.pb"/>
  <File Type="OPT-TIMING" Name="uart_led_timing_summary_opted.rpt"/>
  <File Type="OPT-HWDEF" Name="uart_led.hwdef"/>
  <File Type="OPT-METHODOLOGY-DRC" Name="uart_led_methodology_drc_opted.rpt"/>
  <File Type="OPT-DRC" Name="uart_led_drc_opted.rpt"/>
  <File Type="OPT-DCP" Name="uart_led_opt.dcp"/>
  <File Type="INIT-TIMING" Name="uart_led_timing_summary_init.rpt"/>
  <File Type="REPORTS-TCL" Name="uart_led_reports.tcl"/>
  <File Type="PA-TCL" Name="uart_led.tcl"/>
  <FileSet Name="sources" Type="DesignSrcs" RelSrcDir="$PSRCDIR/sources_1" RelGenDir="$PGENDIR/sources_1">
    <Filter Type="Srcs"/>
    <File Path="$PSRCDIR/sources_1/imports/verilog/uart_led.edf">
      <FileInfo>
        <Attr Name="ImportPath" Val="$PPRDIR/../../../../../uart_led.edf"/>
        <Attr Name="ImportTime" Val="1568182583"/>
        <Attr Name="UsedIn" Val="synthesis"/>
        <Attr Name="UsedIn" Val="implementation"/>
      </FileInfo>
    </File>
    <Config>
      <Option Name="DesignMode" Val="RTL"/>
      <Option Name="TopModule" Val="uart_led"/>
      <Option Name="TopRTLFile" Val="$PPRDIR/uart_led.edf"/>
    </Config>
  </FileSet>
  <FileSet Name="constrs_in" Type="Constrs" RelSrcDir="$PSRCDIR/constrs_1" RelGenDir="$PGENDIR/constrs_1">
    <Filter Type="Constrs"/>
    <File Path="$PSRCDIR/constrs_1/imports/verilog/uart_led.xdc">
      <FileInfo>
        <Attr Name="ImportPath" Val="$PPRDIR/uart_led.xdc"/>
        <Attr Name="ImportTime" Val="1477546880"/>
        <Attr Name="UsedIn" Val="synthesis"/>
        <Attr Name="UsedIn" Val="implementation"/>
      </FileInfo>
    </File>
    <Config>
      <Option Name="ConstrsType" Val="XDC"/>
    </Config>
  </FileSet>
  <FileSet Name="utils" Type="Utils" RelSrcDir="$PSRCDIR/utils_1" RelGenDir="$PGENDIR/utils_1">
    <Filter Type="Utils"/>
    <Config>
      <Option Name="TopAutoSet" Val="TRUE"/>
    </Config>
  </FileSet>
  <Strategy Version="1" Minor="2">
    <StratHandle Name="Vivado Implementation Defaults" Flow="Vivado Implementation 2022"/>
    <Step Id="init_design"/>
    <Step Id="opt_design"/>
    <Step Id="power_opt_design"/>
    <Step Id="place_design"/>
    <Step Id="post_place_power_opt_design"/>
    <Step Id="phys_opt_design"/>
    <Step Id="route_design"/>
    <Step Id="post_route_phys_opt_design"/>
    <Step Id="write_bitstream"/>
  </Strategy>
</GenRun>
