<?xml version="1.0"?>
<Runs Version="1" Minor="0">
	<Run Id="clk_core_synth_1" LaunchDir="C:/training/Generated_Clock/demo/KCU105/verilog/wave_gen.runs/clk_core_synth_1" FlowId="Vivado_Synthesis" FromStepId="vivado" ToStepId="vivado"/>
	<Run Id="char_fifo_synth_1" LaunchDir="C:/training/Generated_Clock/demo/KCU105/verilog/wave_gen.runs/char_fifo_synth_1" FlowId="Vivado_Synthesis" FromStepId="vivado" ToStepId="vivado"/>
	<Run Id="synth_1" LaunchDir="C:/training/Generated_Clock/demo/KCU105/verilog/wave_gen.runs/synth_1" FlowId="Vivado_Synthesis" FromStepId="vivado" ToStepId="vivado">
		<Parent Id="clk_core_synth_1"/>
		<Parent Id="char_fifo_synth_1"/>
	</Run>
	<Parameters>
		<Parameter Name="runs.monitorLSFJobs" Val="true" Type="bool"/>
	</Parameters>
</Runs>

