<?xml version="1.0" encoding="UTF-8"?>
<GenRun Id="clk_core_synth_1" LaunchPart="xcku040-ffva1156-2-e" LaunchTime="1698218880">
  <File Type="VDS-TIMING-PB" Name="clk_core_timing_summary_synth.pb"/>
  <File Type="VDS-TIMINGSUMMARY" Name="clk_core_timing_summary_synth.rpt"/>
  <File Type="RDS-RDS" Name="clk_core.vds"/>
  <File Type="REPORTS-TCL" Name="clk_core_reports.tcl"/>
  <File Type="PA-TCL" Name="clk_core.tcl"/>
  <File Type="RDS-DCP" Name="clk_core.dcp"/>
  <File Type="RDS-PROPCONSTRS" Name="clk_core_drc_synth.rpt"/>
  <File Type="RDS-UTIL" Name="clk_core_utilization_synth.rpt"/>
  <File Type="RDS-UTIL-PB" Name="clk_core_utilization_synth.pb"/>
  <FileSet Name="sources" Type="BlockSrcs" RelSrcDir="$PSRCDIR/clk_core" RelGenDir="$PGENDIR/clk_core">
    <File Path="$PSRCDIR/sources_1/ip/clk_core/clk_core.xci">
      <FileInfo>
        <Attr Name="ImportPath" Val="$PPRDIR/../../../../../../../media/sf_trunk/FPGA/TopicClusters/Constr_Wizard/clk_core.xci"/>
        <Attr Name="ImportTime" Val="1668576448"/>
        <Attr Name="UsedIn" Val="synthesis"/>
        <Attr Name="UsedIn" Val="implementation"/>
        <Attr Name="UsedIn" Val="simulation"/>
      </FileInfo>
    </File>
    <Config>
      <Option Name="TopModule" Val="clk_core"/>
      <Option Name="UseBlackboxStub" Val="1"/>
    </Config>
  </FileSet>
  <FileSet Name="constrs_in" Type="BlockSrcs" RelSrcDir="$PSRCDIR/clk_core" RelGenDir="$PGENDIR/clk_core">
    <File Path="$PSRCDIR/sources_1/ip/clk_core/clk_core.xci">
      <FileInfo>
        <Attr Name="ImportPath" Val="$PPRDIR/../../../../../../../media/sf_trunk/FPGA/TopicClusters/Constr_Wizard/clk_core.xci"/>
        <Attr Name="ImportTime" Val="1668576448"/>
        <Attr Name="UsedIn" Val="synthesis"/>
        <Attr Name="UsedIn" Val="implementation"/>
        <Attr Name="UsedIn" Val="simulation"/>
      </FileInfo>
    </File>
    <Config>
      <Option Name="TopModule" Val="clk_core"/>
      <Option Name="UseBlackboxStub" Val="1"/>
    </Config>
  </FileSet>
  <FileSet Name="utils" Type="Utils" RelSrcDir="$PSRCDIR/utils_1" RelGenDir="$PGENDIR/utils_1">
    <Filter Type="Utils"/>
    <Config>
      <Option Name="TopAutoSet" Val="TRUE"/>
    </Config>
  </FileSet>
  <Strategy Version="1" Minor="2">
    <StratHandle Name="Vivado Synthesis Defaults" Flow="Vivado Synthesis 2023">
      <Desc>Vivado Synthesis Defaults</Desc>
    </StratHandle>
    <Step Id="synth_design"/>
  </Strategy>
</GenRun>
