<?xml version="1.0" encoding="UTF-8"?>
<GenRun Id="synth_1" LaunchPart="xcku040-ffva1156-2-e" LaunchTime="1698909752" LaunchIncrCheckpoint="$PSRCDIR/utils_1/imports/synth_1/wave_gen.dcp">
  <File Type="VDS-TIMING-PB" Name="wave_gen_timing_summary_synth.pb"/>
  <File Type="VDS-TIMINGSUMMARY" Name="wave_gen_timing_summary_synth.rpt"/>
  <File Type="RDS-DCP" Name="wave_gen.dcp"/>
  <File Type="RDS-UTIL-PB" Name="wave_gen_utilization_synth.pb"/>
  <File Type="RDS-UTIL" Name="wave_gen_utilization_synth.rpt"/>
  <File Type="RDS-PROPCONSTRS" Name="wave_gen_drc_synth.rpt"/>
  <File Type="RDS-RDS" Name="wave_gen.vds"/>
  <File Type="REPORTS-TCL" Name="wave_gen_reports.tcl"/>
  <File Type="PA-TCL" Name="wave_gen.tcl"/>
  <FileSet Name="sources" Type="DesignSrcs" RelSrcDir="$PSRCDIR/sources_1" RelGenDir="$PGENDIR/sources_1">
    <Filter Type="Srcs"/>
    <File Path="$PSRCDIR/sources_1/imports/clk_div.v">
      <FileInfo>
        <Attr Name="ImportPath" Val="$PPRDIR/../../../../../../../media/sf_trunk/commonDesigns/clk_div.v"/>
        <Attr Name="ImportTime" Val="1683881926"/>
        <Attr Name="UsedIn" Val="synthesis"/>
        <Attr Name="UsedIn" Val="implementation"/>
        <Attr Name="UsedIn" Val="simulation"/>
      </FileInfo>
    </File>
    <File Path="$PSRCDIR/sources_1/imports/clk_gen.v">
      <FileInfo>
        <Attr Name="ImportPath" Val="$PPRDIR/../../../../../../../media/sf_trunk/commonDesigns/clk_gen.v"/>
        <Attr Name="ImportTime" Val="1683881926"/>
        <Attr Name="UsedIn" Val="synthesis"/>
        <Attr Name="UsedIn" Val="implementation"/>
        <Attr Name="UsedIn" Val="simulation"/>
      </FileInfo>
    </File>
    <File Path="$PSRCDIR/sources_1/imports/clogb2.txt">
      <FileInfo>
        <Attr Name="ImportPath" Val="$PPRDIR/../../../../../../../media/sf_trunk/commonDesigns/clogb2.txt"/>
        <Attr Name="ImportTime" Val="1683881926"/>
      </FileInfo>
    </File>
    <File Path="$PSRCDIR/sources_1/imports/clkx_bus.v">
      <FileInfo>
        <Attr Name="ImportPath" Val="$PPRDIR/../../../../../../../media/sf_trunk/commonDesigns/clkx_bus.v"/>
        <Attr Name="ImportTime" Val="1683881926"/>
        <Attr Name="UsedIn" Val="synthesis"/>
        <Attr Name="UsedIn" Val="implementation"/>
        <Attr Name="UsedIn" Val="simulation"/>
      </FileInfo>
    </File>
    <File Path="$PSRCDIR/sources_1/imports/cmd_parse.v">
      <FileInfo>
        <Attr Name="ImportPath" Val="$PPRDIR/../../../../../../../media/sf_trunk/commonDesigns/cmd_parse.v"/>
        <Attr Name="ImportTime" Val="1683881926"/>
        <Attr Name="UsedIn" Val="synthesis"/>
        <Attr Name="UsedIn" Val="implementation"/>
        <Attr Name="UsedIn" Val="simulation"/>
      </FileInfo>
    </File>
    <File Path="$PSRCDIR/sources_1/imports/dac_spi.v">
      <FileInfo>
        <Attr Name="ImportPath" Val="$PPRDIR/../../../../../../../media/sf_trunk/commonDesigns/dac_spi.v"/>
        <Attr Name="ImportTime" Val="1683881926"/>
        <Attr Name="UsedIn" Val="synthesis"/>
        <Attr Name="UsedIn" Val="implementation"/>
        <Attr Name="UsedIn" Val="simulation"/>
      </FileInfo>
    </File>
    <File Path="$PSRCDIR/sources_1/imports/debouncer.v">
      <FileInfo>
        <Attr Name="ImportPath" Val="$PPRDIR/../../../../../../../media/sf_trunk/commonDesigns/debouncer.v"/>
        <Attr Name="ImportTime" Val="1683881926"/>
        <Attr Name="UsedIn" Val="synthesis"/>
        <Attr Name="UsedIn" Val="implementation"/>
        <Attr Name="UsedIn" Val="simulation"/>
      </FileInfo>
    </File>
    <File Path="$PSRCDIR/sources_1/imports/lb_ctl.v">
      <FileInfo>
        <Attr Name="ImportPath" Val="$PPRDIR/../../../../../../../media/sf_trunk/commonDesigns/lb_ctl.v"/>
        <Attr Name="ImportTime" Val="1683881926"/>
        <Attr Name="UsedIn" Val="synthesis"/>
        <Attr Name="UsedIn" Val="implementation"/>
        <Attr Name="UsedIn" Val="simulation"/>
      </FileInfo>
    </File>
    <File Path="$PSRCDIR/sources_1/imports/meta_harden.v">
      <FileInfo>
        <Attr Name="ImportPath" Val="$PPRDIR/../../../../../../../media/sf_trunk/commonDesigns/meta_harden.v"/>
        <Attr Name="ImportTime" Val="1683881926"/>
        <Attr Name="UsedIn" Val="synthesis"/>
        <Attr Name="UsedIn" Val="implementation"/>
        <Attr Name="UsedIn" Val="simulation"/>
      </FileInfo>
    </File>
    <File Path="$PSRCDIR/sources_1/imports/out_ddr_flop.v">
      <FileInfo>
        <Attr Name="ImportPath" Val="$PPRDIR/../../../../../../../media/sf_trunk/commonDesigns/out_ddr_flop.v"/>
        <Attr Name="ImportTime" Val="1683881926"/>
        <Attr Name="UsedIn" Val="synthesis"/>
        <Attr Name="UsedIn" Val="implementation"/>
        <Attr Name="UsedIn" Val="simulation"/>
      </FileInfo>
    </File>
    <File Path="$PSRCDIR/sources_1/imports/reset_bridge.v">
      <FileInfo>
        <Attr Name="ImportPath" Val="$PPRDIR/../../../../../../../media/sf_trunk/commonDesigns/reset_bridge.v"/>
        <Attr Name="ImportTime" Val="1683881926"/>
        <Attr Name="UsedIn" Val="synthesis"/>
        <Attr Name="UsedIn" Val="implementation"/>
        <Attr Name="UsedIn" Val="simulation"/>
      </FileInfo>
    </File>
    <File Path="$PSRCDIR/sources_1/imports/resp_gen.v">
      <FileInfo>
        <Attr Name="ImportPath" Val="$PPRDIR/../../../../../../../media/sf_trunk/commonDesigns/resp_gen.v"/>
        <Attr Name="ImportTime" Val="1683881926"/>
        <Attr Name="UsedIn" Val="synthesis"/>
        <Attr Name="UsedIn" Val="implementation"/>
        <Attr Name="UsedIn" Val="simulation"/>
      </FileInfo>
    </File>
    <File Path="$PSRCDIR/sources_1/imports/rst_gen.v">
      <FileInfo>
        <Attr Name="ImportPath" Val="$PPRDIR/../../../../../../../media/sf_trunk/commonDesigns/rst_gen.v"/>
        <Attr Name="ImportTime" Val="1683881926"/>
        <Attr Name="UsedIn" Val="synthesis"/>
        <Attr Name="UsedIn" Val="implementation"/>
        <Attr Name="UsedIn" Val="simulation"/>
      </FileInfo>
    </File>
    <File Path="$PSRCDIR/sources_1/imports/samp_gen.v">
      <FileInfo>
        <Attr Name="ImportPath" Val="$PPRDIR/../../../../../../../media/sf_trunk/commonDesigns/samp_gen.v"/>
        <Attr Name="ImportTime" Val="1683881926"/>
        <Attr Name="UsedIn" Val="synthesis"/>
        <Attr Name="UsedIn" Val="implementation"/>
        <Attr Name="UsedIn" Val="simulation"/>
      </FileInfo>
    </File>
    <File Path="$PSRCDIR/sources_1/imports/samp_ram.v">
      <FileInfo>
        <Attr Name="ImportPath" Val="$PPRDIR/../../../../../../../media/sf_trunk/commonDesigns/samp_ram.v"/>
        <Attr Name="ImportTime" Val="1683881926"/>
        <Attr Name="UsedIn" Val="synthesis"/>
        <Attr Name="UsedIn" Val="implementation"/>
        <Attr Name="UsedIn" Val="simulation"/>
      </FileInfo>
    </File>
    <File Path="$PSRCDIR/sources_1/imports/to_bcd.v">
      <FileInfo>
        <Attr Name="ImportPath" Val="$PPRDIR/../../../../../../../media/sf_trunk/commonDesigns/to_bcd.v"/>
        <Attr Name="ImportTime" Val="1683881926"/>
        <Attr Name="UsedIn" Val="synthesis"/>
        <Attr Name="UsedIn" Val="implementation"/>
        <Attr Name="UsedIn" Val="simulation"/>
      </FileInfo>
    </File>
    <File Path="$PSRCDIR/sources_1/imports/uart_baud_gen.v">
      <FileInfo>
        <Attr Name="ImportPath" Val="$PPRDIR/../../../../../../../media/sf_trunk/commonDesigns/uart_baud_gen.v"/>
        <Attr Name="ImportTime" Val="1683881926"/>
        <Attr Name="UsedIn" Val="synthesis"/>
        <Attr Name="UsedIn" Val="implementation"/>
        <Attr Name="UsedIn" Val="simulation"/>
      </FileInfo>
    </File>
    <File Path="$PSRCDIR/sources_1/imports/uart_rx.v">
      <FileInfo>
        <Attr Name="ImportPath" Val="$PPRDIR/../../../../../../../media/sf_trunk/commonDesigns/uart_rx.v"/>
        <Attr Name="ImportTime" Val="1683881926"/>
        <Attr Name="UsedIn" Val="synthesis"/>
        <Attr Name="UsedIn" Val="implementation"/>
        <Attr Name="UsedIn" Val="simulation"/>
      </FileInfo>
    </File>
    <File Path="$PSRCDIR/sources_1/imports/uart_rx_ctl.v">
      <FileInfo>
        <Attr Name="ImportPath" Val="$PPRDIR/../../../../../../../media/sf_trunk/commonDesigns/uart_rx_ctl.v"/>
        <Attr Name="ImportTime" Val="1683881926"/>
        <Attr Name="UsedIn" Val="synthesis"/>
        <Attr Name="UsedIn" Val="implementation"/>
        <Attr Name="UsedIn" Val="simulation"/>
      </FileInfo>
    </File>
    <File Path="$PSRCDIR/sources_1/imports/uart_tx.v">
      <FileInfo>
        <Attr Name="ImportPath" Val="$PPRDIR/../../../../../../../media/sf_trunk/commonDesigns/uart_tx.v"/>
        <Attr Name="ImportTime" Val="1683881926"/>
        <Attr Name="UsedIn" Val="synthesis"/>
        <Attr Name="UsedIn" Val="implementation"/>
        <Attr Name="UsedIn" Val="simulation"/>
      </FileInfo>
    </File>
    <File Path="$PSRCDIR/sources_1/imports/uart_tx_ctl.v">
      <FileInfo>
        <Attr Name="ImportPath" Val="$PPRDIR/../../../../../../../media/sf_trunk/commonDesigns/uart_tx_ctl.v"/>
        <Attr Name="ImportTime" Val="1683881926"/>
        <Attr Name="UsedIn" Val="synthesis"/>
        <Attr Name="UsedIn" Val="implementation"/>
        <Attr Name="UsedIn" Val="simulation"/>
      </FileInfo>
    </File>
    <File Path="$PSRCDIR/sources_1/imports/wave_gen.v">
      <FileInfo>
        <Attr Name="ImportPath" Val="$PPRDIR/../../../../../../../media/sf_trunk/commonDesigns/wave_gen.v"/>
        <Attr Name="ImportTime" Val="1683881926"/>
        <Attr Name="UsedIn" Val="synthesis"/>
        <Attr Name="UsedIn" Val="implementation"/>
        <Attr Name="UsedIn" Val="simulation"/>
      </FileInfo>
    </File>
    <File Path="$PSRCDIR/sources_1/imports/wavegen_commands_Basic_Dsgn_Analysis.txt">
      <FileInfo>
        <Attr Name="ImportPath" Val="$PPRDIR/../../../../../../../media/sf_trunk/FPGA/TopicClusters/Basic_Dsgn_Analysis/wavegen_commands_Basic_Dsgn_Analysis.txt"/>
        <Attr Name="ImportTime" Val="1685517299"/>
      </FileInfo>
    </File>
    <Config>
      <Option Name="DesignMode" Val="RTL"/>
      <Option Name="TopModule" Val="wave_gen"/>
      <Option Name="TopAutoSet" Val="TRUE"/>
    </Config>
  </FileSet>
  <FileSet Name="constrs_in" Type="Constrs" RelSrcDir="$PSRCDIR/constrs_1" RelGenDir="$PGENDIR/constrs_1">
    <Filter Type="Constrs"/>
    <File Path="$PSRCDIR/constrs_1/imports/wave_gen_pins_Basic_Dsgn_Analysis.xdc">
      <FileInfo>
        <Attr Name="ImportPath" Val="$PPRDIR/../../../../../../../media/sf_trunk/FPGA/TopicClusters/Basic_Dsgn_Analysis/wave_gen_pins_Basic_Dsgn_Analysis.xdc"/>
        <Attr Name="ImportTime" Val="1685517299"/>
        <Attr Name="UsedIn" Val="synthesis"/>
        <Attr Name="UsedIn" Val="implementation"/>
      </FileInfo>
    </File>
    <File Path="$PSRCDIR/constrs_1/imports/wave_gen_timing_Basic_Dsgn_Analysis.xdc">
      <FileInfo>
        <Attr Name="ImportPath" Val="$PPRDIR/../../../../../../../media/sf_trunk/FPGA/TopicClusters/Basic_Dsgn_Analysis/wave_gen_timing_Basic_Dsgn_Analysis.xdc"/>
        <Attr Name="ImportTime" Val="1685517299"/>
        <Attr Name="UsedIn" Val="synthesis"/>
        <Attr Name="UsedIn" Val="implementation"/>
      </FileInfo>
    </File>
    <Config>
      <Option Name="ConstrsType" Val="XDC"/>
    </Config>
  </FileSet>
  <FileSet Name="utils" Type="Utils" RelSrcDir="$PSRCDIR/utils_1" RelGenDir="$PGENDIR/utils_1">
    <Filter Type="Utils"/>
    <File Path="$PSRCDIR/utils_1/imports/synth_1/wave_gen.dcp">
      <FileInfo>
        <Attr Name="UsedIn" Val="synthesis"/>
        <Attr Name="UsedIn" Val="implementation"/>
        <Attr Name="UsedInSteps" Val="synth_1"/>
        <Attr Name="AutoDcp" Val="1"/>
      </FileInfo>
    </File>
    <Config>
      <Option Name="TopAutoSet" Val="TRUE"/>
    </Config>
  </FileSet>
  <Strategy Version="1" Minor="2">
    <StratHandle Name="Vivado Synthesis Defaults" Flow="Vivado Synthesis 2023"/>
    <Step Id="synth_design"/>
  </Strategy>
  <BlockFileSet Type="BlockSrcs" Name="char_fifo"/>
  <BlockFileSet Type="BlockSrcs" Name="clk_core"/>
</GenRun>
